zone;centerX;centerY;nRequests;sumWaitTime;meanWaitTime;min;max;p95;p90;p80;p75;p50
100;445000.0;5735000.0;1;1130;1130.0;1130.0;1130.0;1130.0;1130.0;1130.0;1130.0;1130.0
101;445000.0;5737000.0;0;0;NaN;NaN;NaN;NaN;NaN;NaN;NaN;NaN
103;445000.0;5741000.0;0;0;NaN;NaN;NaN;NaN;NaN;NaN;NaN;NaN
105;445000.0;5745000.0;0;0;NaN;NaN;NaN;NaN;NaN;NaN;NaN;NaN
106;445000.0;5747000.0;0;0;NaN;NaN;NaN;NaN;NaN;NaN;NaN;NaN
112;445000.0;5759000.0;0;0;NaN;NaN;NaN;NaN;NaN;NaN;NaN;NaN
114;445000.0;5763000.0;0;0;NaN;NaN;NaN;NaN;NaN;NaN;NaN;NaN
117;447000.0;5711000.0;0;0;NaN;NaN;NaN;NaN;NaN;NaN;NaN;NaN
122;447000.0;5721000.0;0;0;NaN;NaN;NaN;NaN;NaN;NaN;NaN;NaN
123;447000.0;5723000.0;0;0;NaN;NaN;NaN;NaN;NaN;NaN;NaN;NaN
124;447000.0;5725000.0;0;0;NaN;NaN;NaN;NaN;NaN;NaN;NaN;NaN
125;447000.0;5727000.0;0;0;NaN;NaN;NaN;NaN;NaN;NaN;NaN;NaN
127;447000.0;5731000.0;1;339;339.0;339.0;339.0;339.0;339.0;339.0;339.0;339.0
128;447000.0;5733000.0;2;1339;669.5;277.0;1062.0;1062.0;1062.0;1062.0;1062.0;669.5
130;447000.0;5737000.0;0;0;NaN;NaN;NaN;NaN;NaN;NaN;NaN;NaN
131;447000.0;5739000.0;0;0;NaN;NaN;NaN;NaN;NaN;NaN;NaN;NaN
132;447000.0;5741000.0;0;0;NaN;NaN;NaN;NaN;NaN;NaN;NaN;NaN
134;447000.0;5745000.0;0;0;NaN;NaN;NaN;NaN;NaN;NaN;NaN;NaN
141;447000.0;5759000.0;0;0;NaN;NaN;NaN;NaN;NaN;NaN;NaN;NaN
142;447000.0;5761000.0;0;0;NaN;NaN;NaN;NaN;NaN;NaN;NaN;NaN
143;447000.0;5763000.0;0;0;NaN;NaN;NaN;NaN;NaN;NaN;NaN;NaN
144;447000.0;5765000.0;0;0;NaN;NaN;NaN;NaN;NaN;NaN;NaN;NaN
147;449000.0;5713000.0;0;0;NaN;NaN;NaN;NaN;NaN;NaN;NaN;NaN
149;449000.0;5717000.0;0;0;NaN;NaN;NaN;NaN;NaN;NaN;NaN;NaN
150;449000.0;5719000.0;0;0;NaN;NaN;NaN;NaN;NaN;NaN;NaN;NaN
151;449000.0;5721000.0;0;0;NaN;NaN;NaN;NaN;NaN;NaN;NaN;NaN
152;449000.0;5723000.0;0;0;NaN;NaN;NaN;NaN;NaN;NaN;NaN;NaN
154;449000.0;5727000.0;0;0;NaN;NaN;NaN;NaN;NaN;NaN;NaN;NaN
155;449000.0;5729000.0;0;0;NaN;NaN;NaN;NaN;NaN;NaN;NaN;NaN
156;449000.0;5731000.0;2;1298;649.0;479.0;819.0;819.0;819.0;819.0;819.0;649.0
157;449000.0;5733000.0;50;29743;594.86;9.0;1169.0;1140.45;1114.4;1042.4;975.0;618.0
158;449000.0;5735000.0;2;1093;546.5;302.0;791.0;791.0;791.0;791.0;791.0;546.5
159;449000.0;5737000.0;0;0;NaN;NaN;NaN;NaN;NaN;NaN;NaN;NaN
16;439000.0;5741000.0;0;0;NaN;NaN;NaN;NaN;NaN;NaN;NaN;NaN
160;449000.0;5739000.0;1;665;665.0;665.0;665.0;665.0;665.0;665.0;665.0;665.0
161;449000.0;5741000.0;0;0;NaN;NaN;NaN;NaN;NaN;NaN;NaN;NaN
162;449000.0;5743000.0;0;0;NaN;NaN;NaN;NaN;NaN;NaN;NaN;NaN
163;449000.0;5745000.0;0;0;NaN;NaN;NaN;NaN;NaN;NaN;NaN;NaN
169;449000.0;5757000.0;0;0;NaN;NaN;NaN;NaN;NaN;NaN;NaN;NaN
17;439000.0;5743000.0;0;0;NaN;NaN;NaN;NaN;NaN;NaN;NaN;NaN
171;449000.0;5761000.0;0;0;NaN;NaN;NaN;NaN;NaN;NaN;NaN;NaN
178;451000.0;5717000.0;0;0;NaN;NaN;NaN;NaN;NaN;NaN;NaN;NaN
179;451000.0;5719000.0;0;0;NaN;NaN;NaN;NaN;NaN;NaN;NaN;NaN
18;439000.0;5745000.0;0;0;NaN;NaN;NaN;NaN;NaN;NaN;NaN;NaN
180;451000.0;5721000.0;0;0;NaN;NaN;NaN;NaN;NaN;NaN;NaN;NaN
181;451000.0;5723000.0;0;0;NaN;NaN;NaN;NaN;NaN;NaN;NaN;NaN
182;451000.0;5725000.0;0;0;NaN;NaN;NaN;NaN;NaN;NaN;NaN;NaN
183;451000.0;5727000.0;0;0;NaN;NaN;NaN;NaN;NaN;NaN;NaN;NaN
184;451000.0;5729000.0;1;559;559.0;559.0;559.0;559.0;559.0;559.0;559.0;559.0
185;451000.0;5731000.0;17;9736;572.7058823529412;153.0;1082.0;1082.0;955.5999999999999;901.2;854.5;524.0
186;451000.0;5733000.0;84;52888;629.6190476190476;31.0;1162.0;1146.75;1089.5;952.0;904.0;617.5
187;451000.0;5735000.0;161;105022;652.3105590062112;3.0;1225.0;1169.6;1140.6000000000004;967.8;939.5;693.0
188;451000.0;5737000.0;0;0;NaN;NaN;NaN;NaN;NaN;NaN;NaN;NaN
189;451000.0;5739000.0;1;648;648.0;648.0;648.0;648.0;648.0;648.0;648.0;648.0
19;439000.0;5747000.0;0;0;NaN;NaN;NaN;NaN;NaN;NaN;NaN;NaN
190;451000.0;5741000.0;0;0;NaN;NaN;NaN;NaN;NaN;NaN;NaN;NaN
191;451000.0;5743000.0;0;0;NaN;NaN;NaN;NaN;NaN;NaN;NaN;NaN
192;451000.0;5745000.0;0;0;NaN;NaN;NaN;NaN;NaN;NaN;NaN;NaN
199;451000.0;5759000.0;0;0;NaN;NaN;NaN;NaN;NaN;NaN;NaN;NaN
200;451000.0;5761000.0;0;0;NaN;NaN;NaN;NaN;NaN;NaN;NaN;NaN
201;451000.0;5763000.0;0;0;NaN;NaN;NaN;NaN;NaN;NaN;NaN;NaN
202;451000.0;5765000.0;0;0;NaN;NaN;NaN;NaN;NaN;NaN;NaN;NaN
204;453000.0;5711000.0;0;0;NaN;NaN;NaN;NaN;NaN;NaN;NaN;NaN
205;453000.0;5713000.0;0;0;NaN;NaN;NaN;NaN;NaN;NaN;NaN;NaN
209;453000.0;5721000.0;0;0;NaN;NaN;NaN;NaN;NaN;NaN;NaN;NaN
21;439000.0;5751000.0;0;0;NaN;NaN;NaN;NaN;NaN;NaN;NaN;NaN
210;453000.0;5723000.0;0;0;NaN;NaN;NaN;NaN;NaN;NaN;NaN;NaN
212;453000.0;5727000.0;0;0;NaN;NaN;NaN;NaN;NaN;NaN;NaN;NaN
213;453000.0;5729000.0;86;31878;370.6744186046512;5.0;1191.0;1085.4499999999998;988.5999999999999;651.2;603.25;234.5
214;453000.0;5731000.0;338;197822;585.2721893491123;1.0;1222.0;1140.0;1070.8000000000002;958.4;877.75;562.0
215;453000.0;5733000.0;437;278882;638.1739130434784;10.0;1251.0;1174.0;1139.2;1033.0;967.0;640.0
216;453000.0;5735000.0;366;244407;667.7786885245902;3.0;1228.0;1171.4999999999998;1124.2;1046.8000000000002;995.25;711.5
217;453000.0;5737000.0;97;60405;622.7319587628866;11.0;1194.0;1159.8999999999999;1107.6;991.6;972.5;657.0
218;453000.0;5739000.0;65;33841;520.6307692307694;10.0;1181.0;1127.1;982.5999999999999;883.0000000000001;815.0;506.0
219;453000.0;5741000.0;39;20750;532.0512820512821;32.0;1211.0;1117.0;1047.0;909.0;866.0;447.0
221;453000.0;5745000.0;14;3244;231.71428571428572;61.0;779.0;779.0;601.0;355.0;283.0;154.5
222;453000.0;5747000.0;0;0;NaN;NaN;NaN;NaN;NaN;NaN;NaN;NaN
223;453000.0;5749000.0;0;0;NaN;NaN;NaN;NaN;NaN;NaN;NaN;NaN
224;453000.0;5751000.0;0;0;NaN;NaN;NaN;NaN;NaN;NaN;NaN;NaN
228;453000.0;5759000.0;0;0;NaN;NaN;NaN;NaN;NaN;NaN;NaN;NaN
229;453000.0;5761000.0;0;0;NaN;NaN;NaN;NaN;NaN;NaN;NaN;NaN
231;453000.0;5765000.0;0;0;NaN;NaN;NaN;NaN;NaN;NaN;NaN;NaN
234;455000.0;5713000.0;0;0;NaN;NaN;NaN;NaN;NaN;NaN;NaN;NaN
235;455000.0;5715000.0;0;0;NaN;NaN;NaN;NaN;NaN;NaN;NaN;NaN
236;455000.0;5717000.0;0;0;NaN;NaN;NaN;NaN;NaN;NaN;NaN;NaN
237;455000.0;5719000.0;0;0;NaN;NaN;NaN;NaN;NaN;NaN;NaN;NaN
239;455000.0;5723000.0;0;0;NaN;NaN;NaN;NaN;NaN;NaN;NaN;NaN
240;455000.0;5725000.0;0;0;NaN;NaN;NaN;NaN;NaN;NaN;NaN;NaN
241;455000.0;5727000.0;58;26260;452.7586206896552;5.0;1191.0;1103.55;977.8000000000001;836.6000000000001;704.0;380.0
242;455000.0;5729000.0;103;56933;552.7475728155339;26.0;1200.0;1171.2;1090.2;916.0000000000001;874.0;552.0
243;455000.0;5731000.0;321;201702;628.3551401869161;44.0;1213.0;1147.2999999999997;1082.0;990.0;942.5;654.0
244;455000.0;5733000.0;228;147203;645.6271929824561;18.0;1203.0;1159.1;1119.3;1046.2;1008.75;633.5
245;455000.0;5735000.0;549;344377;627.2805100182146;4.0;1201.0;1159.0;1126.0;1011.0;962.5;650.0
246;455000.0;5737000.0;434;259065;596.9239631336407;4.0;1219.0;1151.0;1106.5;977.0;923.75;601.5
247;455000.0;5739000.0;118;74736;633.3559322033898;21.0;1212.0;1163.35;1144.4;1017.8000000000001;959.25;625.5
248;455000.0;5741000.0;105;59708;568.6476190476191;18.0;1196.0;1147.6;1074.2;1005.0000000000002;920.5;504.0
249;455000.0;5743000.0;10;5076;507.6;123.0;941.0;941.0;938.6;908.4000000000001;884.75;402.5
250;455000.0;5745000.0;3;1511;503.6666666666667;307.0;875.0;875.0;875.0;875.0;875.0;329.0
251;455000.0;5747000.0;0;0;NaN;NaN;NaN;NaN;NaN;NaN;NaN;NaN
252;455000.0;5749000.0;0;0;NaN;NaN;NaN;NaN;NaN;NaN;NaN;NaN
253;455000.0;5751000.0;0;0;NaN;NaN;NaN;NaN;NaN;NaN;NaN;NaN
257;455000.0;5759000.0;0;0;NaN;NaN;NaN;NaN;NaN;NaN;NaN;NaN
258;455000.0;5761000.0;0;0;NaN;NaN;NaN;NaN;NaN;NaN;NaN;NaN
263;457000.0;5713000.0;0;0;NaN;NaN;NaN;NaN;NaN;NaN;NaN;NaN
264;457000.0;5715000.0;0;0;NaN;NaN;NaN;NaN;NaN;NaN;NaN;NaN
265;457000.0;5717000.0;0;0;NaN;NaN;NaN;NaN;NaN;NaN;NaN;NaN
266;457000.0;5719000.0;0;0;NaN;NaN;NaN;NaN;NaN;NaN;NaN;NaN
267;457000.0;5721000.0;0;0;NaN;NaN;NaN;NaN;NaN;NaN;NaN;NaN
268;457000.0;5723000.0;0;0;NaN;NaN;NaN;NaN;NaN;NaN;NaN;NaN
269;457000.0;5725000.0;0;0;NaN;NaN;NaN;NaN;NaN;NaN;NaN;NaN
270;457000.0;5727000.0;0;0;NaN;NaN;NaN;NaN;NaN;NaN;NaN;NaN
271;457000.0;5729000.0;107;60411;564.588785046729;23.0;1164.0;1112.6;1033.8;931.8;887.0;539.0
272;457000.0;5731000.0;309;169089;547.2135922330096;6.0;1194.0;1134.0;1094.0;926.0;848.5;522.0
273;457000.0;5733000.0;136;83643;615.0220588235294;10.0;1209.0;1154.0;1084.3;954.0;899.0;590.5
274;457000.0;5735000.0;196;130707;666.8724489795918;35.0;1199.0;1163.6;1118.6;1038.4;985.0;703.0
275;457000.0;5737000.0;244;158103;647.9631147540983;6.0;1196.0;1154.75;1121.0;1018.0;965.75;678.5
276;457000.0;5739000.0;194;122231;630.0567010309278;9.0;1199.0;1156.0;1115.5;976.0;941.75;626.0
277;457000.0;5741000.0;95;56217;591.7578947368421;7.0;1204.0;1169.4;1123.8000000000002;993.8000000000003;884.0;550.0
279;457000.0;5745000.0;0;0;NaN;NaN;NaN;NaN;NaN;NaN;NaN;NaN
280;457000.0;5747000.0;0;0;NaN;NaN;NaN;NaN;NaN;NaN;NaN;NaN
281;457000.0;5749000.0;0;0;NaN;NaN;NaN;NaN;NaN;NaN;NaN;NaN
287;457000.0;5761000.0;0;0;NaN;NaN;NaN;NaN;NaN;NaN;NaN;NaN
289;457000.0;5765000.0;0;0;NaN;NaN;NaN;NaN;NaN;NaN;NaN;NaN
292;459000.0;5713000.0;0;0;NaN;NaN;NaN;NaN;NaN;NaN;NaN;NaN
294;459000.0;5717000.0;0;0;NaN;NaN;NaN;NaN;NaN;NaN;NaN;NaN
295;459000.0;5719000.0;0;0;NaN;NaN;NaN;NaN;NaN;NaN;NaN;NaN
296;459000.0;5721000.0;0;0;NaN;NaN;NaN;NaN;NaN;NaN;NaN;NaN
297;459000.0;5723000.0;0;0;NaN;NaN;NaN;NaN;NaN;NaN;NaN;NaN
298;459000.0;5725000.0;0;0;NaN;NaN;NaN;NaN;NaN;NaN;NaN;NaN
299;459000.0;5727000.0;0;0;NaN;NaN;NaN;NaN;NaN;NaN;NaN;NaN
30;441000.0;5711000.0;0;0;NaN;NaN;NaN;NaN;NaN;NaN;NaN;NaN
300;459000.0;5729000.0;0;0;NaN;NaN;NaN;NaN;NaN;NaN;NaN;NaN
301;459000.0;5731000.0;20;13487;674.35;116.0;1196.0;1193.5;1144.7;1107.4;1038.25;622.5
302;459000.0;5733000.0;12;7028;585.6666666666666;61.0;1115.0;1115.0;1093.7;882.0000000000001;772.5;603.0
303;459000.0;5735000.0;181;96842;535.0386740331492;3.0;1216.0;1150.3;1055.2000000000003;900.5999999999999;840.0;514.0
305;459000.0;5739000.0;0;0;NaN;NaN;NaN;NaN;NaN;NaN;NaN;NaN
306;459000.0;5741000.0;0;0;NaN;NaN;NaN;NaN;NaN;NaN;NaN;NaN
308;459000.0;5745000.0;0;0;NaN;NaN;NaN;NaN;NaN;NaN;NaN;NaN
309;459000.0;5747000.0;0;0;NaN;NaN;NaN;NaN;NaN;NaN;NaN;NaN
31;441000.0;5713000.0;0;0;NaN;NaN;NaN;NaN;NaN;NaN;NaN;NaN
310;459000.0;5749000.0;0;0;NaN;NaN;NaN;NaN;NaN;NaN;NaN;NaN
315;459000.0;5759000.0;0;0;NaN;NaN;NaN;NaN;NaN;NaN;NaN;NaN
317;459000.0;5763000.0;0;0;NaN;NaN;NaN;NaN;NaN;NaN;NaN;NaN
318;459000.0;5765000.0;0;0;NaN;NaN;NaN;NaN;NaN;NaN;NaN;NaN
323;461000.0;5717000.0;0;0;NaN;NaN;NaN;NaN;NaN;NaN;NaN;NaN
325;461000.0;5721000.0;0;0;NaN;NaN;NaN;NaN;NaN;NaN;NaN;NaN
326;461000.0;5723000.0;0;0;NaN;NaN;NaN;NaN;NaN;NaN;NaN;NaN
327;461000.0;5725000.0;0;0;NaN;NaN;NaN;NaN;NaN;NaN;NaN;NaN
328;461000.0;5727000.0;0;0;NaN;NaN;NaN;NaN;NaN;NaN;NaN;NaN
329;461000.0;5729000.0;0;0;NaN;NaN;NaN;NaN;NaN;NaN;NaN;NaN
33;441000.0;5717000.0;0;0;NaN;NaN;NaN;NaN;NaN;NaN;NaN;NaN
330;461000.0;5731000.0;0;0;NaN;NaN;NaN;NaN;NaN;NaN;NaN;NaN
331;461000.0;5733000.0;0;0;NaN;NaN;NaN;NaN;NaN;NaN;NaN;NaN
334;461000.0;5739000.0;0;0;NaN;NaN;NaN;NaN;NaN;NaN;NaN;NaN
335;461000.0;5741000.0;0;0;NaN;NaN;NaN;NaN;NaN;NaN;NaN;NaN
336;461000.0;5743000.0;0;0;NaN;NaN;NaN;NaN;NaN;NaN;NaN;NaN
337;461000.0;5745000.0;0;0;NaN;NaN;NaN;NaN;NaN;NaN;NaN;NaN
338;461000.0;5747000.0;0;0;NaN;NaN;NaN;NaN;NaN;NaN;NaN;NaN
339;461000.0;5749000.0;0;0;NaN;NaN;NaN;NaN;NaN;NaN;NaN;NaN
34;441000.0;5719000.0;0;0;NaN;NaN;NaN;NaN;NaN;NaN;NaN;NaN
346;461000.0;5763000.0;0;0;NaN;NaN;NaN;NaN;NaN;NaN;NaN;NaN
348;461000.0;5767000.0;0;0;NaN;NaN;NaN;NaN;NaN;NaN;NaN;NaN
349;463000.0;5711000.0;0;0;NaN;NaN;NaN;NaN;NaN;NaN;NaN;NaN
35;441000.0;5721000.0;0;0;NaN;NaN;NaN;NaN;NaN;NaN;NaN;NaN
350;463000.0;5713000.0;0;0;NaN;NaN;NaN;NaN;NaN;NaN;NaN;NaN
351;463000.0;5715000.0;0;0;NaN;NaN;NaN;NaN;NaN;NaN;NaN;NaN
352;463000.0;5717000.0;0;0;NaN;NaN;NaN;NaN;NaN;NaN;NaN;NaN
355;463000.0;5723000.0;0;0;NaN;NaN;NaN;NaN;NaN;NaN;NaN;NaN
356;463000.0;5725000.0;0;0;NaN;NaN;NaN;NaN;NaN;NaN;NaN;NaN
357;463000.0;5727000.0;0;0;NaN;NaN;NaN;NaN;NaN;NaN;NaN;NaN
358;463000.0;5729000.0;0;0;NaN;NaN;NaN;NaN;NaN;NaN;NaN;NaN
359;463000.0;5731000.0;0;0;NaN;NaN;NaN;NaN;NaN;NaN;NaN;NaN
36;441000.0;5723000.0;0;0;NaN;NaN;NaN;NaN;NaN;NaN;NaN;NaN
360;463000.0;5733000.0;0;0;NaN;NaN;NaN;NaN;NaN;NaN;NaN;NaN
362;463000.0;5737000.0;10;2842;284.2;61.0;906.0;906.0;899.5;795.4000000000001;670.0;61.0
363;463000.0;5739000.0;0;0;NaN;NaN;NaN;NaN;NaN;NaN;NaN;NaN
364;463000.0;5741000.0;0;0;NaN;NaN;NaN;NaN;NaN;NaN;NaN;NaN
365;463000.0;5743000.0;0;0;NaN;NaN;NaN;NaN;NaN;NaN;NaN;NaN
366;463000.0;5745000.0;0;0;NaN;NaN;NaN;NaN;NaN;NaN;NaN;NaN
367;463000.0;5747000.0;0;0;NaN;NaN;NaN;NaN;NaN;NaN;NaN;NaN
368;463000.0;5749000.0;0;0;NaN;NaN;NaN;NaN;NaN;NaN;NaN;NaN
369;463000.0;5751000.0;0;0;NaN;NaN;NaN;NaN;NaN;NaN;NaN;NaN
370;463000.0;5753000.0;0;0;NaN;NaN;NaN;NaN;NaN;NaN;NaN;NaN
371;463000.0;5755000.0;0;0;NaN;NaN;NaN;NaN;NaN;NaN;NaN;NaN
376;463000.0;5765000.0;0;0;NaN;NaN;NaN;NaN;NaN;NaN;NaN;NaN
379;465000.0;5713000.0;0;0;NaN;NaN;NaN;NaN;NaN;NaN;NaN;NaN
38;441000.0;5727000.0;0;0;NaN;NaN;NaN;NaN;NaN;NaN;NaN;NaN
380;465000.0;5715000.0;0;0;NaN;NaN;NaN;NaN;NaN;NaN;NaN;NaN
381;465000.0;5717000.0;0;0;NaN;NaN;NaN;NaN;NaN;NaN;NaN;NaN
382;465000.0;5719000.0;0;0;NaN;NaN;NaN;NaN;NaN;NaN;NaN;NaN
383;465000.0;5721000.0;0;0;NaN;NaN;NaN;NaN;NaN;NaN;NaN;NaN
384;465000.0;5723000.0;0;0;NaN;NaN;NaN;NaN;NaN;NaN;NaN;NaN
385;465000.0;5725000.0;0;0;NaN;NaN;NaN;NaN;NaN;NaN;NaN;NaN
386;465000.0;5727000.0;0;0;NaN;NaN;NaN;NaN;NaN;NaN;NaN;NaN
387;465000.0;5729000.0;0;0;NaN;NaN;NaN;NaN;NaN;NaN;NaN;NaN
388;465000.0;5731000.0;0;0;NaN;NaN;NaN;NaN;NaN;NaN;NaN;NaN
391;465000.0;5737000.0;1;61;61.0;61.0;61.0;61.0;61.0;61.0;61.0;61.0
392;465000.0;5739000.0;0;0;NaN;NaN;NaN;NaN;NaN;NaN;NaN;NaN
393;465000.0;5741000.0;0;0;NaN;NaN;NaN;NaN;NaN;NaN;NaN;NaN
394;465000.0;5743000.0;0;0;NaN;NaN;NaN;NaN;NaN;NaN;NaN;NaN
395;465000.0;5745000.0;0;0;NaN;NaN;NaN;NaN;NaN;NaN;NaN;NaN
396;465000.0;5747000.0;0;0;NaN;NaN;NaN;NaN;NaN;NaN;NaN;NaN
397;465000.0;5749000.0;0;0;NaN;NaN;NaN;NaN;NaN;NaN;NaN;NaN
398;465000.0;5751000.0;0;0;NaN;NaN;NaN;NaN;NaN;NaN;NaN;NaN
399;465000.0;5753000.0;0;0;NaN;NaN;NaN;NaN;NaN;NaN;NaN;NaN
4;439000.0;5717000.0;0;0;NaN;NaN;NaN;NaN;NaN;NaN;NaN;NaN
40;441000.0;5731000.0;0;0;NaN;NaN;NaN;NaN;NaN;NaN;NaN;NaN
405;465000.0;5765000.0;0;0;NaN;NaN;NaN;NaN;NaN;NaN;NaN;NaN
408;467000.0;5713000.0;0;0;NaN;NaN;NaN;NaN;NaN;NaN;NaN;NaN
409;467000.0;5715000.0;0;0;NaN;NaN;NaN;NaN;NaN;NaN;NaN;NaN
41;441000.0;5733000.0;0;0;NaN;NaN;NaN;NaN;NaN;NaN;NaN;NaN
410;467000.0;5717000.0;0;0;NaN;NaN;NaN;NaN;NaN;NaN;NaN;NaN
411;467000.0;5719000.0;0;0;NaN;NaN;NaN;NaN;NaN;NaN;NaN;NaN
412;467000.0;5721000.0;0;0;NaN;NaN;NaN;NaN;NaN;NaN;NaN;NaN
414;467000.0;5725000.0;0;0;NaN;NaN;NaN;NaN;NaN;NaN;NaN;NaN
417;467000.0;5731000.0;0;0;NaN;NaN;NaN;NaN;NaN;NaN;NaN;NaN
418;467000.0;5733000.0;0;0;NaN;NaN;NaN;NaN;NaN;NaN;NaN;NaN
42;441000.0;5735000.0;0;0;NaN;NaN;NaN;NaN;NaN;NaN;NaN;NaN
422;467000.0;5741000.0;0;0;NaN;NaN;NaN;NaN;NaN;NaN;NaN;NaN
423;467000.0;5743000.0;0;0;NaN;NaN;NaN;NaN;NaN;NaN;NaN;NaN
424;467000.0;5745000.0;0;0;NaN;NaN;NaN;NaN;NaN;NaN;NaN;NaN
425;467000.0;5747000.0;0;0;NaN;NaN;NaN;NaN;NaN;NaN;NaN;NaN
426;467000.0;5749000.0;0;0;NaN;NaN;NaN;NaN;NaN;NaN;NaN;NaN
427;467000.0;5751000.0;0;0;NaN;NaN;NaN;NaN;NaN;NaN;NaN;NaN
429;467000.0;5755000.0;0;0;NaN;NaN;NaN;NaN;NaN;NaN;NaN;NaN
43;441000.0;5737000.0;0;0;NaN;NaN;NaN;NaN;NaN;NaN;NaN;NaN
430;467000.0;5757000.0;0;0;NaN;NaN;NaN;NaN;NaN;NaN;NaN;NaN
431;467000.0;5759000.0;0;0;NaN;NaN;NaN;NaN;NaN;NaN;NaN;NaN
437;469000.0;5713000.0;0;0;NaN;NaN;NaN;NaN;NaN;NaN;NaN;NaN
438;469000.0;5715000.0;0;0;NaN;NaN;NaN;NaN;NaN;NaN;NaN;NaN
44;441000.0;5739000.0;0;0;NaN;NaN;NaN;NaN;NaN;NaN;NaN;NaN
440;469000.0;5719000.0;0;0;NaN;NaN;NaN;NaN;NaN;NaN;NaN;NaN
441;469000.0;5721000.0;0;0;NaN;NaN;NaN;NaN;NaN;NaN;NaN;NaN
442;469000.0;5723000.0;0;0;NaN;NaN;NaN;NaN;NaN;NaN;NaN;NaN
443;469000.0;5725000.0;0;0;NaN;NaN;NaN;NaN;NaN;NaN;NaN;NaN
444;469000.0;5727000.0;0;0;NaN;NaN;NaN;NaN;NaN;NaN;NaN;NaN
445;469000.0;5729000.0;0;0;NaN;NaN;NaN;NaN;NaN;NaN;NaN;NaN
446;469000.0;5731000.0;0;0;NaN;NaN;NaN;NaN;NaN;NaN;NaN;NaN
447;469000.0;5733000.0;0;0;NaN;NaN;NaN;NaN;NaN;NaN;NaN;NaN
45;441000.0;5741000.0;0;0;NaN;NaN;NaN;NaN;NaN;NaN;NaN;NaN
454;469000.0;5747000.0;0;0;NaN;NaN;NaN;NaN;NaN;NaN;NaN;NaN
455;469000.0;5749000.0;0;0;NaN;NaN;NaN;NaN;NaN;NaN;NaN;NaN
456;469000.0;5751000.0;0;0;NaN;NaN;NaN;NaN;NaN;NaN;NaN;NaN
458;469000.0;5755000.0;0;0;NaN;NaN;NaN;NaN;NaN;NaN;NaN;NaN
46;441000.0;5743000.0;0;0;NaN;NaN;NaN;NaN;NaN;NaN;NaN;NaN
460;469000.0;5759000.0;0;0;NaN;NaN;NaN;NaN;NaN;NaN;NaN;NaN
466;471000.0;5713000.0;0;0;NaN;NaN;NaN;NaN;NaN;NaN;NaN;NaN
467;471000.0;5715000.0;0;0;NaN;NaN;NaN;NaN;NaN;NaN;NaN;NaN
468;471000.0;5717000.0;0;0;NaN;NaN;NaN;NaN;NaN;NaN;NaN;NaN
469;471000.0;5719000.0;0;0;NaN;NaN;NaN;NaN;NaN;NaN;NaN;NaN
47;441000.0;5745000.0;0;0;NaN;NaN;NaN;NaN;NaN;NaN;NaN;NaN
470;471000.0;5721000.0;0;0;NaN;NaN;NaN;NaN;NaN;NaN;NaN;NaN
471;471000.0;5723000.0;0;0;NaN;NaN;NaN;NaN;NaN;NaN;NaN;NaN
473;471000.0;5727000.0;0;0;NaN;NaN;NaN;NaN;NaN;NaN;NaN;NaN
474;471000.0;5729000.0;0;0;NaN;NaN;NaN;NaN;NaN;NaN;NaN;NaN
475;471000.0;5731000.0;0;0;NaN;NaN;NaN;NaN;NaN;NaN;NaN;NaN
478;471000.0;5737000.0;0;0;NaN;NaN;NaN;NaN;NaN;NaN;NaN;NaN
48;441000.0;5747000.0;0;0;NaN;NaN;NaN;NaN;NaN;NaN;NaN;NaN
481;471000.0;5743000.0;0;0;NaN;NaN;NaN;NaN;NaN;NaN;NaN;NaN
482;471000.0;5745000.0;0;0;NaN;NaN;NaN;NaN;NaN;NaN;NaN;NaN
484;471000.0;5749000.0;0;0;NaN;NaN;NaN;NaN;NaN;NaN;NaN;NaN
485;471000.0;5751000.0;0;0;NaN;NaN;NaN;NaN;NaN;NaN;NaN;NaN
487;471000.0;5755000.0;0;0;NaN;NaN;NaN;NaN;NaN;NaN;NaN;NaN
488;471000.0;5757000.0;0;0;NaN;NaN;NaN;NaN;NaN;NaN;NaN;NaN
49;441000.0;5749000.0;0;0;NaN;NaN;NaN;NaN;NaN;NaN;NaN;NaN
490;471000.0;5761000.0;0;0;NaN;NaN;NaN;NaN;NaN;NaN;NaN;NaN
492;471000.0;5765000.0;0;0;NaN;NaN;NaN;NaN;NaN;NaN;NaN;NaN
493;471000.0;5767000.0;0;0;NaN;NaN;NaN;NaN;NaN;NaN;NaN;NaN
495;473000.0;5713000.0;0;0;NaN;NaN;NaN;NaN;NaN;NaN;NaN;NaN
496;473000.0;5715000.0;0;0;NaN;NaN;NaN;NaN;NaN;NaN;NaN;NaN
497;473000.0;5717000.0;0;0;NaN;NaN;NaN;NaN;NaN;NaN;NaN;NaN
498;473000.0;5719000.0;0;0;NaN;NaN;NaN;NaN;NaN;NaN;NaN;NaN
499;473000.0;5721000.0;0;0;NaN;NaN;NaN;NaN;NaN;NaN;NaN;NaN
5;439000.0;5719000.0;0;0;NaN;NaN;NaN;NaN;NaN;NaN;NaN;NaN
50;441000.0;5751000.0;0;0;NaN;NaN;NaN;NaN;NaN;NaN;NaN;NaN
500;473000.0;5723000.0;0;0;NaN;NaN;NaN;NaN;NaN;NaN;NaN;NaN
501;473000.0;5725000.0;0;0;NaN;NaN;NaN;NaN;NaN;NaN;NaN;NaN
502;473000.0;5727000.0;0;0;NaN;NaN;NaN;NaN;NaN;NaN;NaN;NaN
503;473000.0;5729000.0;0;0;NaN;NaN;NaN;NaN;NaN;NaN;NaN;NaN
504;473000.0;5731000.0;0;0;NaN;NaN;NaN;NaN;NaN;NaN;NaN;NaN
505;473000.0;5733000.0;0;0;NaN;NaN;NaN;NaN;NaN;NaN;NaN;NaN
506;473000.0;5735000.0;0;0;NaN;NaN;NaN;NaN;NaN;NaN;NaN;NaN
507;473000.0;5737000.0;0;0;NaN;NaN;NaN;NaN;NaN;NaN;NaN;NaN
508;473000.0;5739000.0;0;0;NaN;NaN;NaN;NaN;NaN;NaN;NaN;NaN
51;441000.0;5753000.0;0;0;NaN;NaN;NaN;NaN;NaN;NaN;NaN;NaN
510;473000.0;5743000.0;0;0;NaN;NaN;NaN;NaN;NaN;NaN;NaN;NaN
511;473000.0;5745000.0;0;0;NaN;NaN;NaN;NaN;NaN;NaN;NaN;NaN
516;473000.0;5755000.0;0;0;NaN;NaN;NaN;NaN;NaN;NaN;NaN;NaN
518;473000.0;5759000.0;0;0;NaN;NaN;NaN;NaN;NaN;NaN;NaN;NaN
519;473000.0;5761000.0;0;0;NaN;NaN;NaN;NaN;NaN;NaN;NaN;NaN
523;475000.0;5711000.0;0;0;NaN;NaN;NaN;NaN;NaN;NaN;NaN;NaN
524;475000.0;5713000.0;0;0;NaN;NaN;NaN;NaN;NaN;NaN;NaN;NaN
528;475000.0;5721000.0;0;0;NaN;NaN;NaN;NaN;NaN;NaN;NaN;NaN
53;441000.0;5757000.0;0;0;NaN;NaN;NaN;NaN;NaN;NaN;NaN;NaN
530;475000.0;5725000.0;0;0;NaN;NaN;NaN;NaN;NaN;NaN;NaN;NaN
531;475000.0;5727000.0;0;0;NaN;NaN;NaN;NaN;NaN;NaN;NaN;NaN
532;475000.0;5729000.0;0;0;NaN;NaN;NaN;NaN;NaN;NaN;NaN;NaN
533;475000.0;5731000.0;0;0;NaN;NaN;NaN;NaN;NaN;NaN;NaN;NaN
534;475000.0;5733000.0;0;0;NaN;NaN;NaN;NaN;NaN;NaN;NaN;NaN
535;475000.0;5735000.0;0;0;NaN;NaN;NaN;NaN;NaN;NaN;NaN;NaN
536;475000.0;5737000.0;0;0;NaN;NaN;NaN;NaN;NaN;NaN;NaN;NaN
541;475000.0;5747000.0;0;0;NaN;NaN;NaN;NaN;NaN;NaN;NaN;NaN
542;475000.0;5749000.0;0;0;NaN;NaN;NaN;NaN;NaN;NaN;NaN;NaN
543;475000.0;5751000.0;0;0;NaN;NaN;NaN;NaN;NaN;NaN;NaN;NaN
544;475000.0;5753000.0;0;0;NaN;NaN;NaN;NaN;NaN;NaN;NaN;NaN
545;475000.0;5755000.0;0;0;NaN;NaN;NaN;NaN;NaN;NaN;NaN;NaN
546;475000.0;5757000.0;0;0;NaN;NaN;NaN;NaN;NaN;NaN;NaN;NaN
547;475000.0;5759000.0;0;0;NaN;NaN;NaN;NaN;NaN;NaN;NaN;NaN
548;475000.0;5761000.0;0;0;NaN;NaN;NaN;NaN;NaN;NaN;NaN;NaN
549;475000.0;5763000.0;0;0;NaN;NaN;NaN;NaN;NaN;NaN;NaN;NaN
552;477000.0;5711000.0;0;0;NaN;NaN;NaN;NaN;NaN;NaN;NaN;NaN
553;477000.0;5713000.0;0;0;NaN;NaN;NaN;NaN;NaN;NaN;NaN;NaN
554;477000.0;5715000.0;0;0;NaN;NaN;NaN;NaN;NaN;NaN;NaN;NaN
557;477000.0;5721000.0;0;0;NaN;NaN;NaN;NaN;NaN;NaN;NaN;NaN
558;477000.0;5723000.0;0;0;NaN;NaN;NaN;NaN;NaN;NaN;NaN;NaN
562;477000.0;5731000.0;0;0;NaN;NaN;NaN;NaN;NaN;NaN;NaN;NaN
563;477000.0;5733000.0;0;0;NaN;NaN;NaN;NaN;NaN;NaN;NaN;NaN
564;477000.0;5735000.0;0;0;NaN;NaN;NaN;NaN;NaN;NaN;NaN;NaN
565;477000.0;5737000.0;0;0;NaN;NaN;NaN;NaN;NaN;NaN;NaN;NaN
570;477000.0;5747000.0;0;0;NaN;NaN;NaN;NaN;NaN;NaN;NaN;NaN
571;477000.0;5749000.0;0;0;NaN;NaN;NaN;NaN;NaN;NaN;NaN;NaN
572;477000.0;5751000.0;0;0;NaN;NaN;NaN;NaN;NaN;NaN;NaN;NaN
573;477000.0;5753000.0;0;0;NaN;NaN;NaN;NaN;NaN;NaN;NaN;NaN
574;477000.0;5755000.0;0;0;NaN;NaN;NaN;NaN;NaN;NaN;NaN;NaN
575;477000.0;5757000.0;0;0;NaN;NaN;NaN;NaN;NaN;NaN;NaN;NaN
576;477000.0;5759000.0;0;0;NaN;NaN;NaN;NaN;NaN;NaN;NaN;NaN
577;477000.0;5761000.0;0;0;NaN;NaN;NaN;NaN;NaN;NaN;NaN;NaN
578;477000.0;5763000.0;0;0;NaN;NaN;NaN;NaN;NaN;NaN;NaN;NaN
579;477000.0;5765000.0;0;0;NaN;NaN;NaN;NaN;NaN;NaN;NaN;NaN
583;479000.0;5715000.0;0;0;NaN;NaN;NaN;NaN;NaN;NaN;NaN;NaN
585;479000.0;5719000.0;0;0;NaN;NaN;NaN;NaN;NaN;NaN;NaN;NaN
588;479000.0;5725000.0;0;0;NaN;NaN;NaN;NaN;NaN;NaN;NaN;NaN
59;443000.0;5711000.0;0;0;NaN;NaN;NaN;NaN;NaN;NaN;NaN;NaN
590;479000.0;5729000.0;0;0;NaN;NaN;NaN;NaN;NaN;NaN;NaN;NaN
6;439000.0;5721000.0;0;0;NaN;NaN;NaN;NaN;NaN;NaN;NaN;NaN
60;443000.0;5713000.0;0;0;NaN;NaN;NaN;NaN;NaN;NaN;NaN;NaN
601;479000.0;5751000.0;0;0;NaN;NaN;NaN;NaN;NaN;NaN;NaN;NaN
602;479000.0;5753000.0;0;0;NaN;NaN;NaN;NaN;NaN;NaN;NaN;NaN
603;479000.0;5755000.0;0;0;NaN;NaN;NaN;NaN;NaN;NaN;NaN;NaN
604;479000.0;5757000.0;0;0;NaN;NaN;NaN;NaN;NaN;NaN;NaN;NaN
605;479000.0;5759000.0;0;0;NaN;NaN;NaN;NaN;NaN;NaN;NaN;NaN
606;479000.0;5761000.0;0;0;NaN;NaN;NaN;NaN;NaN;NaN;NaN;NaN
607;479000.0;5763000.0;0;0;NaN;NaN;NaN;NaN;NaN;NaN;NaN;NaN
61;443000.0;5715000.0;0;0;NaN;NaN;NaN;NaN;NaN;NaN;NaN;NaN
612;481000.0;5715000.0;0;0;NaN;NaN;NaN;NaN;NaN;NaN;NaN;NaN
613;481000.0;5717000.0;0;0;NaN;NaN;NaN;NaN;NaN;NaN;NaN;NaN
616;481000.0;5723000.0;0;0;NaN;NaN;NaN;NaN;NaN;NaN;NaN;NaN
617;481000.0;5725000.0;0;0;NaN;NaN;NaN;NaN;NaN;NaN;NaN;NaN
618;481000.0;5727000.0;0;0;NaN;NaN;NaN;NaN;NaN;NaN;NaN;NaN
619;481000.0;5729000.0;0;0;NaN;NaN;NaN;NaN;NaN;NaN;NaN;NaN
62;443000.0;5717000.0;0;0;NaN;NaN;NaN;NaN;NaN;NaN;NaN;NaN
63;443000.0;5719000.0;0;0;NaN;NaN;NaN;NaN;NaN;NaN;NaN;NaN
630;481000.0;5751000.0;0;0;NaN;NaN;NaN;NaN;NaN;NaN;NaN;NaN
631;481000.0;5753000.0;0;0;NaN;NaN;NaN;NaN;NaN;NaN;NaN;NaN
632;481000.0;5755000.0;0;0;NaN;NaN;NaN;NaN;NaN;NaN;NaN;NaN
636;481000.0;5763000.0;0;0;NaN;NaN;NaN;NaN;NaN;NaN;NaN;NaN
637;481000.0;5765000.0;0;0;NaN;NaN;NaN;NaN;NaN;NaN;NaN;NaN
64;443000.0;5721000.0;0;0;NaN;NaN;NaN;NaN;NaN;NaN;NaN;NaN
642;483000.0;5717000.0;0;0;NaN;NaN;NaN;NaN;NaN;NaN;NaN;NaN
643;483000.0;5719000.0;0;0;NaN;NaN;NaN;NaN;NaN;NaN;NaN;NaN
644;483000.0;5721000.0;0;0;NaN;NaN;NaN;NaN;NaN;NaN;NaN;NaN
646;483000.0;5725000.0;0;0;NaN;NaN;NaN;NaN;NaN;NaN;NaN;NaN
65;443000.0;5723000.0;0;0;NaN;NaN;NaN;NaN;NaN;NaN;NaN;NaN
66;443000.0;5725000.0;0;0;NaN;NaN;NaN;NaN;NaN;NaN;NaN;NaN
71;443000.0;5735000.0;1;367;367.0;367.0;367.0;367.0;367.0;367.0;367.0;367.0
72;443000.0;5737000.0;0;0;NaN;NaN;NaN;NaN;NaN;NaN;NaN;NaN
73;443000.0;5739000.0;0;0;NaN;NaN;NaN;NaN;NaN;NaN;NaN;NaN
74;443000.0;5741000.0;0;0;NaN;NaN;NaN;NaN;NaN;NaN;NaN;NaN
75;443000.0;5743000.0;0;0;NaN;NaN;NaN;NaN;NaN;NaN;NaN;NaN
76;443000.0;5745000.0;0;0;NaN;NaN;NaN;NaN;NaN;NaN;NaN;NaN
77;443000.0;5747000.0;0;0;NaN;NaN;NaN;NaN;NaN;NaN;NaN;NaN
78;443000.0;5749000.0;0;0;NaN;NaN;NaN;NaN;NaN;NaN;NaN;NaN
79;443000.0;5751000.0;0;0;NaN;NaN;NaN;NaN;NaN;NaN;NaN;NaN
8;439000.0;5725000.0;0;0;NaN;NaN;NaN;NaN;NaN;NaN;NaN;NaN
80;443000.0;5753000.0;0;0;NaN;NaN;NaN;NaN;NaN;NaN;NaN;NaN
81;443000.0;5755000.0;0;0;NaN;NaN;NaN;NaN;NaN;NaN;NaN;NaN
85;443000.0;5763000.0;0;0;NaN;NaN;NaN;NaN;NaN;NaN;NaN;NaN
86;443000.0;5765000.0;0;0;NaN;NaN;NaN;NaN;NaN;NaN;NaN;NaN
88;445000.0;5711000.0;0;0;NaN;NaN;NaN;NaN;NaN;NaN;NaN;NaN
92;445000.0;5719000.0;0;0;NaN;NaN;NaN;NaN;NaN;NaN;NaN;NaN
93;445000.0;5721000.0;0;0;NaN;NaN;NaN;NaN;NaN;NaN;NaN;NaN
94;445000.0;5723000.0;0;0;NaN;NaN;NaN;NaN;NaN;NaN;NaN;NaN
95;445000.0;5725000.0;0;0;NaN;NaN;NaN;NaN;NaN;NaN;NaN;NaN
96;445000.0;5727000.0;0;0;NaN;NaN;NaN;NaN;NaN;NaN;NaN;NaN
99;445000.0;5733000.0;0;0;NaN;NaN;NaN;NaN;NaN;NaN;NaN;NaN
outsideOfDrtZonalSystem;NaN;NaN;0;0;NaN;NaN;NaN;NaN;NaN;NaN;NaN;NaN